2026-10-04 17:03:47.563 UTC,"postgres","postgres",16300,"[local]",6ac286f3.3fac,1,"SELECT",2026-10-04 17:03:47 UTC,2/28,0,LOG,00000,"duration: 0.282 ms  plan:
{
  ""Query Text"": ""SELECT grp, count(*)\nFROM t\nWHERE grp < 10\nGROUP BY grp\nORDER BY grp"",
  ""Plan"": {
    ""Node Type"": ""Aggregate"",
    ""Strategy"": ""Sorted"",
    ""Partial Mode"": ""Simple"",
    ""Parallel Aware"": false,
    ""Async Capable"": false,
    ""Startup Cost"": 0.29,
    ""Total Cost"": 74.28,
    ""Plan Rows"": 100,
    ""Plan Width"": 12,
    ""Actual Startup Time"": 0.060,
    ""Actual Total Time"": 0.274,
    ""Actual Rows"": 10,
    ""Actual Loops"": 1,
    ""Group Key"": [""grp""],
    ""Shared Hit Blocks"": 4,
    ""Shared Read Blocks"": 0,
    ""Shared Dirtied Blocks"": 0,
    ""Shared Written Blocks"": 0,
    ""Local Hit Blocks"": 0,
    ""Local Read Blocks"": 0,
    ""Local Dirtied Blocks"": 0,
    ""Local Written Blocks"": 0,
    ""Temp Read Blocks"": 0,
    ""Temp Written Blocks"": 0,
    ""Plans"": [
      {
        ""Node Type"": ""Index Only Scan"",
        ""Parent Relationship"": ""Outer"",
        ""Parallel Aware"": false,
        ""Async Capable"": false,
        ""Scan Direction"": ""Forward"",
        ""Index Name"": ""t_grp_idx"",
        ""Relation Name"": ""t"",
        ""Alias"": ""t"",
        ""Startup Cost"": 0.29,
        ""Total Cost"": 63.28,
        ""Plan Rows"": 2000,
        ""Plan Width"": 4,
        ""Actual Startup Time"": 0.027,
        ""Actual Total Time"": 0.146,
        ""Actual Rows"": 2000,
        ""Actual Loops"": 1,
        ""Index Cond"": ""(grp < 10)"",
        ""Rows Removed by Index Recheck"": 0,
        ""Heap Fetches"": 0,
        ""Shared Hit Blocks"": 4,
        ""Shared Read Blocks"": 0,
        ""Shared Dirtied Blocks"": 0,
        ""Shared Written Blocks"": 0,
        ""Local Hit Blocks"": 0,
        ""Local Read Blocks"": 0,
        ""Local Dirtied Blocks"": 0,
        ""Local Written Blocks"": 0,
        ""Temp Read Blocks"": 0,
        ""Temp Written Blocks"": 0
      }
    ]
  }
}",,,,,,,,,"psql","client backend",,0
